{
    "name": "dt-power-flow-card",
    "dockerFile": "Dockerfile",
    "context": "..",
    "customizations": {
        "vscode": {
            "settings": {
                "files.eol": "\n",
                "editor.tabSize": 4,
                "terminal.integrated.shell.linux": "/bin/zsh",
                "editor.formatOnPaste": false,
                "editor.formatOnSave": true,
                "editor.formatOnType": true,
                "files.trimTrailingWhitespace": true
            },
            "extensions": [
                "github.vscode-pull-request-github",
                "yzhang.markdown-all-in-one",
                "bierner.lit-html",
                "runem.lit-plugin",
                "davidanson.vscode-markdownlint",
                "redhat.vscode-yaml",
                "eamodio.gitlens",
                "ms-python.python",
                "tht13.html-preview-vscode",
                "sourcery.sourcery",
                "tabnine.tabnine-vscode",
                "trond-snekvik.simple-rst"
            ]
        }
    },
    "postCreateCommand": "zsh ./.devcontainer/post-install.sh"
}
